<deck name="Shavian Alphabet"><fields><text name='Front' sides='11' fontSizePx='48'></text><rich-text name='Back' sides='01' lang='en-GB'></rich-text></fields><cards><card><field name='Back'><p><span style="background-color: rgb(53, 152, 219);">o</span>n / l<span style="background-color: rgb(53, 152, 219);">o</span>t</p></field><field name='Front'>𐑪</field></card><card><field name='Back'><p><span style="background-color: rgb(53, 152, 219);">p</span>eep</p></field><field name='Front'>𐑐</field></card><card><field name='Back'><p><span style="background-color: rgb(53, 152, 219);">a</span>do / comm<span style="background-color: rgb(53, 152, 219);">a</span></p></field><field name='Front'>𐑩</field></card><card><field name='Back'><p><span style="background-color: rgb(53, 152, 219);">f</span>ee</p></field><field name='Front'>𐑓</field></card><card><field name='Back'><p>hu<span style="background-color: rgb(53, 152, 219);">ng</span></p></field><field name='Front'>𐑙</field></card><card><field name='Front'>𐑳</field><field name='Back'><p><span style="background-color: rgb(53, 152, 219);">u</span>p / <span style="background-color: rgb(53, 152, 219);">u</span>ncle</p></field></card><card><field name='Back'><p><span style="background-color: rgb(53, 152, 219);">ou</span>t / m<span style="background-color: rgb(53, 152, 219);">ou</span>th</p></field><field name='Front'>𐑬</field></card><card><field name='Back'><p><span style="background-color: rgb(53, 152, 219);">s</span>o / <span style="background-color: rgb(53, 152, 219);">s</span>ane</p></field><field name='Front'>𐑕</field></card><card><field name='Front'>𐑝</field><field name='Back'><p><span style="background-color: rgb(53, 152, 219);">v</span>ow / lea<span style="background-color: rgb(53, 152, 219);">v</span>e</p></field></card><card><field name='Back'><p><span style="background-color: rgb(53, 152, 219);">ia</span>n</p></field><field name='Front'>𐑾</field></card><card><field name='Back'><p><span style="background-color: rgb(53, 152, 219);">aw</span>e</p></field><field name='Front'>𐑷</field></card><card><field name='Back'><p><span style="background-color: rgb(53, 152, 219);">ear</span></p></field><field name='Front'>𐑽</field></card><card><field name='Front'>𐑸</field><field name='Back'><p><span style="background-color: rgb(53, 152, 219);">ar</span>e / c<span style="background-color: rgb(53, 152, 219);">ar</span>t</p></field></card><card><field name='Back'><p><span style="background-color: rgb(53, 152, 219);">z</span>oo</p></field><field name='Front'>𐑟</field></card><card><field name='Back'><p><span style="background-color: rgb(53, 152, 219);">arr</span>ay</p></field><field name='Front'>𐑼</field></card><card><field name='Back'><p><span style="background-color: rgb(53, 152, 219);">ch</span>urch / ca<span style="background-color: rgb(53, 152, 219);">tch</span></p></field><field name='Front'>𐑗</field></card><card><field name='Back'><p><span style="background-color: rgb(53, 152, 219);">h</span>a-ha</p></field><field name='Front'>𐑣</field></card><card><field name='Back'><p><span style="background-color: rgb(53, 152, 219);">oo</span>ze</p></field><field name='Front'>𐑵</field></card><card><field name='Back'><p><span style="background-color: rgb(53, 152, 219);">th</span>igh / <span style="background-color: rgb(53, 152, 219);">th</span>ink</p></field><field name='Front'>𐑔</field></card><card><field name='Back'><p><span style="background-color: rgb(53, 152, 219);">a</span>sh</p></field><field name='Front'>𐑨</field></card><card><field name='Back'><p><span style="background-color: rgb(53, 152, 219);">a</span>ge / f<span style="background-color: rgb(53, 152, 219);">a</span>ce</p></field><field name='Front'>𐑱</field></card><card><field name='Back'><p><span style="background-color: rgb(53, 152, 219);">j</span>udge / <span style="background-color: rgb(53, 152, 219);">g</span>iant</p></field><field name='Front'>𐑡</field></card><card><field name='Back'><p><span style="background-color: rgb(53, 152, 219);">t</span>ot</p></field><field name='Front'>𐑑</field></card><card><field name='Front'>𐑘</field><field name='Back'><p><span style="background-color: rgb(53, 152, 219);">y</span>ea</p></field></card><card><field name='Back'><p><span style="background-color: rgb(53, 152, 219);">b</span>ib</p></field><field name='Front'>𐑚</field></card><card><field name='Back'><p><span style="background-color: rgb(53, 152, 219);">i</span>f</p></field><field name='Front'>𐑦</field></card><card><field name='Back'><p><span style="background-color: rgb(53, 152, 219);">s</span>ure</p></field><field name='Front'>𐑖</field></card><card><field name='Back'><p><span style="background-color: rgb(53, 152, 219);">a</span>h / p<span style="background-color: rgb(53, 152, 219);">a</span>lm</p></field><field name='Front'>𐑭</field></card><card><field name='Front'>𐑫</field><field name='Back'><p>w<span style="background-color: rgb(53, 152, 219);">oo</span>l / j<span style="background-color: rgb(53, 152, 219);">u</span>ry</p></field></card><card><field name='Back'><p><span style="background-color: rgb(53, 152, 219);">e</span>gg</p></field><field name='Front'>𐑧</field></card><card><field name='Back'><p>mea<span style="background-color: rgb(53, 152, 219);">s</span>ure</p></field><field name='Front'>𐑠</field></card><card><field name='Back'><p><span style="background-color: rgb(53, 152, 219);">l</span>oll / <span style="background-color: rgb(53, 152, 219);">l</span>ie</p></field><field name='Front'>𐑤</field></card><card><field name='Back'><p><span style="background-color: rgb(53, 152, 219);">oa</span>k</p></field><field name='Front'>𐑴</field></card><card><field name='Back'><p><span style="background-color: rgb(53, 152, 219);">e</span>at / fl<span style="background-color: rgb(53, 152, 219);">ee</span>ce</p></field><field name='Front'>𐑰</field></card><card><field name='Back'><p><span style="background-color: rgb(53, 152, 219);">g</span>ag</p></field><field name='Front'>𐑜</field></card><card><field name='Back'><p><span style="background-color: rgb(53, 152, 219);">r</span>oar</p></field><field name='Front'>𐑮</field></card><card><field name='Back'><p><span style="background-color: rgb(53, 152, 219);">oi</span>l</p></field><field name='Front'>𐑶</field></card><card><field name='Back'><p><span style="background-color: rgb(53, 152, 219);">or</span> / b<span style="background-color: rgb(53, 152, 219);">oar</span></p></field><field name='Front'>𐑹</field></card><card><field name='Back'><p><span style="background-color: rgb(53, 152, 219);">m</span>ime</p></field><field name='Front'>𐑥</field></card><card><field name='Back'><p><span style="background-color: rgb(53, 152, 219);">yew</span></p></field><field name='Front'>𐑿</field></card><card><field name='Back'><p><span style="background-color: rgb(53, 152, 219);">th</span>ey</p></field><field name='Front'>𐑞</field></card><card><field name='Back'><p><span style="background-color: rgb(53, 152, 219);">err</span></p></field><field name='Front'>𐑻</field></card><card><field name='Back'><p><span style="background-color: rgb(53, 152, 219);">i</span>ce</p></field><field name='Front'>𐑲</field></card><card><field name='Back'><p><span style="background-color: rgb(53, 152, 219);">n</span>un</p></field><field name='Front'>𐑯</field></card><card><field name='Back'><p><span style="background-color: rgb(53, 152, 219);">w</span>oe / <span style="background-color: rgb(53, 152, 219);">w</span>ine</p></field><field name='Front'>𐑢</field></card><card><field name='Front'>𐑛</field><field name='Back'><p><span style="background-color: rgb(53, 152, 219);">d</span>ead</p></field></card><card><field name='Back'><p><span style="background-color: rgb(53, 152, 219);">k</span>ick / <span style="background-color: rgb(53, 152, 219);">c</span>ream</p></field><field name='Front'>𐑒</field></card><card><field name='Back'><p><span style="background-color: rgb(53, 152, 219);">air</span> / squ<span style="background-color: rgb(53, 152, 219);">are</span></p></field><field name='Front'>𐑺</field></card></cards></deck>